{
  "name": "esri-angular-first-look",
  "version": "0.0.0",
  "license": "MIT",
  "scripts": {
    "ng": "ng",
    "start": "ng serve",
    "build": "ng build",
    "test": "ng test",
    "lint": "ng lint",
    "e2e": "ng e2e"
  },
  "private": true,
  "dependencies": {
    "@angular/animations": "4.4.3",
    "@angular/common": "4.4.3",
    "@angular/compiler": "4.4.3",
    "@angular/core": "4.4.3",
    "@angular/forms": "4.4.3",
    "@angular/http": "4.4.3",
    "@angular/platform-browser": "4.4.3",
    "@angular/platform-browser-dynamic": "4.4.3",
    "@angular/router": "4.4.3",
    "angular-in-memory-web-api": "^0.5.1",
    "angular-esri-loader": "^1.1.0",
    "chart.js": "2.1.3",
    "core-js": "^2.5.1",
    "fullcalendar": "3.5.1",
    "intl": "1.2.5",
    "jquery": "3.2.1",
    "moment": "2.18.1",
    "nanoscroller": "0.8.7",
    "esri-loader": "^1.1.0",
    "font-awesome": "^4.7.0",
    "primeng": "^4.2.2",
    "quill": "1.3.2",
    "rxjs": "5.4.3",
    "web-animations-js": "2.3.1",
    "zone.js": "0.8.18"
  },
  "devDependencies": {
    "@angular/cli": "1.4.9",
    "@angular/compiler-cli": "^4.2.4",
    "@angular/language-service": "^4.2.4",
    "@types/arcgis-js-api": "^4.5.1",
    "@types/jasmine": "~2.5.54",
    "@types/jasminewd2": "~2.0.2",
    "@types/node": "~6.0.88",
    "angular-ide": "^0.9.38",
    "codelyzer": "~3.2.0",

    "jasmine-core": "~2.6.4",
    "jasmine-spec-reporter": "~4.1.1",
    "karma": "~1.7.1",
    "karma-chrome-launcher": "~2.1.1",
    "karma-cli": "~1.0.1",
    "karma-coverage-istanbul-reporter": "^1.2.1",
    "karma-jasmine": "~1.1.0",
    "karma-jasmine-html-reporter": "^0.2.2",
    "protractor": "~5.1.2",
    "ts-node": "~3.2.0",
    "tslint": "~5.7.0",
    "typescript": "~2.3.4"
  }
}
